Taxa Selic - Dados diários;Filtros aplicados: Data inicial: 01/02/2023 / Data final: 01/09/2025.;;;;;;;;;
Data;Taxa (% a.a.);Fator diário;Financeiro (R$);Operações;Taxa média;Taxa mediana;Taxa modal;Desvio padrão;Índice de curtose;
01/09/2025;14,9;1,00055131;1.307.142.797.935,18;847;14,9;14,89;14,9;0,0243;3722,0222;
29/08/2025;14,9;1,00055131;1.017.201.504.084,78;872;14,9;14,89;14,9;0,0242;1005,8444;
28/08/2025;14,9;1,00055131;1.057.647.598.408,71;913;14,9;14,89;14,9;0,0233;1242,9267;
27/08/2025;14,9;1,00055131;1.046.306.569.904,6;912;14,9;14,89;14,9;0,0232;1204,3473;
26/08/2025;14,9;1,00055131;1.055.338.831.578,64;882;14,9;14,89;14,9;0,0232;1303,3430;
25/08/2025;14,9;1,00055131;1.075.850.815.679,76;849;14,9;14,89;14,9;0,0224;1357,8376;
22/08/2025;14,9;1,00055131;1.094.463.734.148,28;860;14,9;14,89;14,9;0,0240;1410,1266;
21/08/2025;14,9;1,00055131;1.124.636.268.033,26;865;14,9;14,89;14,9;0,0210;1236,4935;
20/08/2025;14,9;1,00055131;1.178.398.715.066,13;873;14,9;14,89;14,9;0,0205;1481,0323;
19/08/2025;14,9;1,00055131;1.199.528.561.322,07;834;14,9;14,89;14,9;0,0203;1348,6395;
18/08/2025;14,9;1,00055131;1.211.758.392.426,3;875;14,9;14,89;14,9;0,0218;1203,2028;
15/08/2025;14,9;1,00055131;1.191.581.822.730,08;868;14,9;14,89;14,9;0,0209;8007,7117;
14/08/2025;14,9;1,00055131;1.171.193.439.506,12;853;14,9;14,89;14,9;0,0199;1542,9538;
13/08/2025;14,9;1,00055131;1.167.468.554.885,84;858;14,9;14,89;14,9;0,0210;1190,1256;
12/08/2025;14,9;1,00055131;1.194.728.776.036,13;870;14,9;14,89;14,9;0,0224;948,9849;
11/08/2025;14,9;1,00055131;1.184.619.041.729,52;866;14,9;14,89;14,9;0,0224;1159,2247;
08/08/2025;14,9;1,00055131;1.179.737.751.272,73;852;14,9;14,89;14,9;0,0235;1363,8766;
07/08/2025;14,9;1,00055131;1.173.362.168.525,27;813;14,9;14,89;14,9;0,0223;2004,0063;
06/08/2025;14,9;1,00055131;1.175.680.051.021,01;849;14,9;14,89;14,9;0,0227;1229,1778;
05/08/2025;14,9;1,00055131;1.190.390.452.684,42;859;14,9;14,89;14,9;0,0224;1067,5938;
04/08/2025;14,9;1,00055131;1.182.624.606.613,9;837;14,9;14,89;14,9;0,0244;1428,1387;
01/08/2025;14,9;1,00055131;1.147.039.513.241,77;865;14,9;14,89;14,9;0,0230;936,3124;
31/07/2025;14,9;1,00055131;1.153.154.078.594,86;864;14,9;14,89;14,9;0,0235;1177,7492;
30/07/2025;14,9;1,00055131;1.211.009.552.737,12;862;14,9;14,89;14,9;0,0224;1038,1218;
29/07/2025;14,9;1,00055131;1.241.173.018.440,8;868;14,9;14,89;14,9;0,0232;1607,1730;
28/07/2025;14,9;1,00055131;1.225.313.610.310,71;858;14,9;14,89;14,9;0,0229;1158,8264;
25/07/2025;14,9;1,00055131;1.223.435.681.991,18;849;14,9;14,89;14,9;0,0227;1135,2881;
24/07/2025;14,9;1,00055131;1.219.889.033.336,13;873;14,9;14,89;14,9;0,0218;1091,8068;
23/07/2025;14,9;1,00055131;1.227.459.512.466,77;854;14,9;14,89;14,9;0,0214;1170,9477;
22/07/2025;14,9;1,00055131;1.251.981.316.158,88;854;14,9;14,89;14,9;0,0226;1228,7551;
21/07/2025;14,9;1,00055131;1.237.192.545.061,12;848;14,9;14,89;14,9;0,0236;1220,6403;
18/07/2025;14,9;1,00055131;1.249.834.188.245,58;819;14,9;14,89;14,9;0,0269;604,9180;
17/07/2025;14,9;1,00055131;1.269.440.470.039,8;857;14,9;14,89;14,9;0,0229;901,2632;
16/07/2025;14,9;1,00055131;1.270.486.773.032,08;890;14,9;14,89;14,9;0,0216;1083,2254;
15/07/2025;14,9;1,00055131;1.291.157.767.633,19;843;14,9;14,89;14,9;0,0220;1132,5903;
14/07/2025;14,9;1,00055131;1.268.212.567.087,68;842;14,9;14,89;14,9;0,0232;844,8043;
11/07/2025;14,9;1,00055131;1.279.276.129.050,59;853;14,9;14,89;14,9;0,0226;761,6221;
10/07/2025;14,9;1,00055131;1.335.325.896.502,77;850;14,9;14,89;14,9;0,0954;37945,6661;
09/07/2025;14,9;1,00055131;1.344.187.208.921,53;819;14,9;14,89;14,9;0,0229;1214,7608;
08/07/2025;14,9;1,00055131;1.350.455.987.856,8;880;14,9;14,89;14,9;0,0238;697,0736;
07/07/2025;14,9;1,00055131;1.338.991.578.589,68;842;14,9;14,89;14,9;0,0227;715,8882;
04/07/2025;14,9;1,00055131;1.334.893.752.215,9;828;14,9;14,89;14,9;0,0223;765,5913;
03/07/2025;14,9;1,00055131;1.334.888.277.316,96;829;14,9;14,89;14,9;0,0235;659,1373;
02/07/2025;14,9;1,00055131;1.441.489.088.724,04;889;14,9;14,89;14,9;0,0255;481,6375;
01/07/2025;14,9;1,00055131;1.467.177.753.475,13;898;14,9;14,89;14,9;0,0225;748,4455;
30/06/2025;14,9;1,00055131;1.238.107.402.675,9;803;14,9;14,89;14,9;0,0212;1018,7752;
27/06/2025;14,9;1,00055131;1.271.041.247.751,94;858;14,9;14,89;14,9;0,1603;7921,9904;
26/06/2025;14,9;1,00055131;1.334.872.106.332,43;851;14,9;14,89;14,9;0,0205;1013,4706;
25/06/2025;14,9;1,00055131;1.365.363.610.515,66;870;14,9;14,89;14,9;0,0207;1157,7295;
24/06/2025;14,9;1,00055131;1.367.651.779.134,27;867;14,9;14,89;14,9;0,0208;1004,9203;
23/06/2025;14,9;1,00055131;1.370.580.307.689,78;906;14,9;14,89;14,9;0,0223;779,5311;
20/06/2025;14,9;1,00055131;1.386.450.069.756,22;902;14,9;14,89;14,9;0,0200;803,3770;
18/06/2025;14,65;1,00054266;1.386.372.003.315,18;874;14,65;14,64;14,65;0,0203;755,7714;
17/06/2025;14,65;1,00054266;1.373.107.011.672,64;851;14,65;14,64;14,65;0,0206;722,5181;
16/06/2025;14,65;1,00054266;1.370.114.171.621,4;840;14,65;14,64;14,65;0,0212;762,8679;
13/06/2025;14,65;1,00054266;1.417.123.345.874,75;873;14,65;14,64;14,65;0,0226;1960,3070;
12/06/2025;14,65;1,00054266;1.413.874.626.851,47;872;14,65;14,64;14,65;0,0205;704,6480;
11/06/2025;14,65;1,00054266;1.415.281.687.034,88;846;14,65;14,64;14,65;0,0197;1177,9371;
10/06/2025;14,65;1,00054266;1.427.996.605.360,03;869;14,65;14,64;14,65;0,0508;2869,3184;
09/06/2025;14,65;1,00054266;1.417.310.017.569,41;880;14,65;14,64;14,65;0,0396;4118,2888;
06/06/2025;14,65;1,00054266;1.390.862.470.295,37;869;14,65;14,64;14,65;0,0201;3838,7533;
05/06/2025;14,65;1,00054266;1.428.050.895.271,1;867;14,65;14,64;14,65;0,0220;3075,3237;
04/06/2025;14,65;1,00054266;1.427.656.137.433;892;14,65;14,64;14,65;0,0210;3675,5940;
03/06/2025;14,65;1,00054266;1.449.245.713.788,12;869;14,65;14,64;14,65;0,0196;914,6560;
02/06/2025;14,65;1,00054266;1.416.796.126.754,37;854;14,65;14,64;14,65;0,0201;831,9652;
30/05/2025;14,65;1,00054266;1.358.995.793.626,94;855;14,65;14,64;14,65;0,0213;2759,0644;
29/05/2025;14,65;1,00054266;1.406.748.804.204,4;875;14,65;14,64;14,65;0,0266;4957,3711;
28/05/2025;14,65;1,00054266;1.390.580.560.439,86;842;14,65;14,64;14,65;0,0201;1141,2227;
27/05/2025;14,65;1,00054266;1.416.259.198.458,78;836;14,65;14,64;14,65;0,0191;810,2186;
26/05/2025;14,65;1,00054266;1.400.045.586.003,04;872;14,65;14,64;14,65;0,0223;2915,3517;
23/05/2025;14,65;1,00054266;1.411.481.368.727,97;867;14,65;14,64;14,65;0,0212;729,6396;
22/05/2025;14,65;1,00054266;1.424.270.346.863;855;14,65;14,64;14,65;0,0325;4865,5416;
21/05/2025;14,65;1,00054266;1.429.497.409.566,79;902;14,65;14,64;14,65;0,0367;4375,8269;
20/05/2025;14,65;1,00054266;1.500.309.651.047,3;838;14,65;14,64;14,65;0,0382;4218,9699;
19/05/2025;14,65;1,00054266;1.495.005.489.677,39;861;14,65;14,64;14,65;0,0382;4242,9604;
16/05/2025;14,65;1,00054266;1.518.497.469.752,16;834;14,65;14,64;14,65;0,0394;4071,6324;
15/05/2025;14,65;1,00054266;1.510.731.312.834,91;858;14,65;14,64;14,65;0,0440;3315,9308;
14/05/2025;14,65;1,00054266;1.356.457.704.032,5;897;14,65;14,64;14,65;0,0413;3587,7591;
13/05/2025;14,65;1,00054266;1.366.346.695.059,07;864;14,65;14,64;14,65;0,0416;3949,6846;
12/05/2025;14,65;1,00054266;1.366.622.228.960,48;861;14,65;14,64;14,65;0,0328;4498,7395;
09/05/2025;14,65;1,00054266;1.359.763.374.212,38;869;14,65;14,64;14,65;0,0271;4311,4001;
08/05/2025;14,65;1,00054266;1.369.379.592.517,05;832;14,65;14,64;14,65;0,0289;4438,1615;
07/05/2025;14,15;1,00052531;1.324.774.299.152,43;863;14,15;14,14;14,15;0,0213;617,3206;
06/05/2025;14,15;1,00052531;1.328.579.347.672,62;918;14,15;14,14;14,15;0,0212;642,2053;
05/05/2025;14,15;1,00052531;1.312.759.508.552,01;880;14,15;14,14;14,15;0,0212;643,3156;
02/05/2025;14,15;1,00052531;1.304.944.317.152,07;863;14,15;14,14;14,15;0,0226;577,8459;
30/04/2025;14,15;1,00052531;1.304.457.281.180,42;887;14,15;14,14;14,15;0,0250;4139,2517;
29/04/2025;14,15;1,00052531;1.350.941.190.647,58;941;14,15;14,14;14,15;0,0278;5079,2691;
28/04/2025;14,15;1,00052531;1.348.415.749.608,84;860;14,15;14,14;14,15;0,0242;4772,4245;
25/04/2025;14,15;1,00052531;1.347.270.818.477,55;853;14,15;14,14;14,15;0,0197;366,1135;
24/04/2025;14,15;1,00052531;1.398.573.539.100,17;872;14,15;14,14;14,15;0,0200;671,7497;
23/04/2025;14,15;1,00052531;1.414.916.605.335,99;889;14,15;14,14;14,15;0,0199;844,4506;
22/04/2025;14,15;1,00052531;1.447.768.332.482,06;828;14,15;14,14;14,15;0,0319;4907,4980;
17/04/2025;14,15;1,00052531;1.504.630.434.264,23;882;14,15;14,14;14,15;0,0333;4997,3369;
16/04/2025;14,15;1,00052531;1.523.426.374.233,98;879;14,15;14,14;14,15;0,0362;4538,2650;
15/04/2025;14,15;1,00052531;1.524.861.402.258,51;853;14,15;14,14;14,15;0,0389;4062,0091;
14/04/2025;14,15;1,00052531;1.512.748.903.416,38;892;14,15;14,14;14,15;0,0379;4096,4652;
11/04/2025;14,15;1,00052531;1.517.077.225.300,33;883;14,15;14,14;14,15;0,0373;4231,1328;
10/04/2025;14,15;1,00052531;1.508.621.904.697,65;840;14,15;14,14;14,15;0,0437;3433,6848;
09/04/2025;14,15;1,00052531;1.510.846.999.767,23;831;14,15;14,14;14,15;0,0413;3721,0762;
08/04/2025;14,15;1,00052531;1.491.504.478.112,87;805;14,15;14,14;14,15;0,0394;3989,0923;
07/04/2025;14,15;1,00052531;1.473.526.659.185,71;830;14,15;14,14;14,15;0,0197;3415,7923;
04/04/2025;14,15;1,00052531;1.469.788.328.403,5;823;14,15;14,14;14,15;0,0186;1040,0669;
03/04/2025;14,15;1,00052531;1.515.960.801.213,82;860;14,15;14,14;14,15;0,0183;1169,1711;
02/04/2025;14,15;1,00052531;1.502.352.894.509,09;894;14,15;14,14;14,15;0,0190;864,2637;
01/04/2025;14,15;1,00052531;1.528.430.939.092,4;865;14,15;14,14;14,15;0,0195;813,6668;
31/03/2025;14,15;1,00052531;1.273.380.941.652,04;809;14,15;14,14;14,15;0,0209;655,9033;
28/03/2025;14,15;1,00052531;1.334.874.408.541,12;863;14,15;14,14;14,15;0,0202;620,5352;
27/03/2025;14,15;1,00052531;1.341.912.160.180,3;879;14,15;14,14;14,15;0,0218;3082,6914;
26/03/2025;14,15;1,00052531;1.391.615.254.358,96;903;14,15;14,14;14,15;0,0224;4231,0842;
25/03/2025;14,15;1,00052531;1.401.538.718.285,09;880;14,15;14,14;14,15;0,0260;1750,5361;
24/03/2025;14,15;1,00052531;1.389.232.101.602,81;871;14,15;14,14;14,15;0,0218;4337,9119;
21/03/2025;14,15;1,00052531;1.385.198.466.150,1;875;14,15;14,14;14,15;0,0267;5705,6240;
20/03/2025;14,15;1,00052531;1.454.638.591.874,43;846;14,15;14,14;14,15;0,0248;5668,9230;
19/03/2025;13,15;1,00049037;1.425.021.153.973,74;861;13,15;13,14;13,15;0,0326;4527,1514;
18/03/2025;13,15;1,00049037;1.474.637.739.315,64;849;13,15;13,14;13,15;0,0404;3380,5607;
17/03/2025;13,15;1,00049037;1.457.318.574.784,2;841;13,15;13,14;13,15;0,0382;3708,8247;
14/03/2025;13,15;1,00049037;1.496.158.732.267,87;833;13,15;13,14;13,15;0,0389;3579,4402;
13/03/2025;13,15;1,00049037;1.504.277.317.627,36;838;13,15;13,14;13,15;0,0391;3575,4778;
12/03/2025;13,15;1,00049037;1.496.834.040.296,02;917;13,15;13,14;13,15;0,0366;3665,6424;
11/03/2025;13,15;1,00049037;1.519.610.729.025,05;864;13,15;13,14;13,15;0,0350;4037,7041;
10/03/2025;13,15;1,00049037;1.502.269.762.221,4;857;13,15;13,14;13,15;0,0245;3181,8417;
07/03/2025;13,15;1,00049037;1.499.555.867.314,72;887;13,15;13,14;13,15;0,0214;3528,3734;
06/03/2025;13,15;1,00049037;1.505.909.463.471,99;824;13,15;13,14;13,15;0,0763;16928,4911;
05/03/2025;13,15;1,00049037;1.500.712.280.137,94;876;13,15;13,14;13,15;0,0247;3314,6215;
28/02/2025;13,15;1,00049037;1.248.740.447.752,56;900;13,15;13,14;13,15;0,0224;2601,0484;
27/02/2025;13,15;1,00049037;1.328.141.125.579,93;933;13,15;13,14;13,15;0,0240;3091,0563;
26/02/2025;13,15;1,00049037;1.309.372.814.620,1;922;13,15;13,14;13,15;0,0201;985,2215;
25/02/2025;13,15;1,00049037;1.352.835.156.015,4;879;13,15;13,14;13,15;0,0192;869,0419;
24/02/2025;13,15;1,00049037;1.338.108.383.397,84;869;13,15;13,14;13,15;0,0195;940,6787;
21/02/2025;13,15;1,00049037;1.345.034.058.334,19;880;13,15;13,14;13,15;0,0210;2329,6473;
20/02/2025;13,15;1,00049037;1.423.925.002.590,07;922;13,15;13,14;13,15;0,0253;4790,3236;
19/02/2025;13,15;1,00049037;1.427.113.907.143,95;864;13,15;13,14;13,15;0,0325;4560,0269;
18/02/2025;13,15;1,00049037;1.464.380.455.169,97;905;13,15;13,14;13,15;0,0367;3847,6389;
17/02/2025;13,15;1,00049037;1.456.958.889.366,91;919;13,15;13,14;13,15;0,0365;3562,5337;
14/02/2025;13,15;1,00049037;1.424.917.035.446,69;882;13,15;13,14;13,15;0,0371;3738,5234;
13/02/2025;13,15;1,00049037;1.455.766.218.652,54;882;13,15;13,14;13,15;0,0391;3533,1842;
12/02/2025;13,15;1,00049037;1.436.891.976.758,47;883;13,15;13,14;13,15;0,0409;3223,6808;
11/02/2025;13,15;1,00049037;1.443.713.354.139,21;858;13,15;13,14;13,15;0,0424;3025,3305;
10/02/2025;13,15;1,00049037;1.450.995.570.819,35;899;13,15;13,14;13,15;0,0411;3202,7397;
07/02/2025;13,15;1,00049037;1.433.937.504.730,89;895;13,15;13,14;13,15;0,0338;4219,4850;
06/02/2025;13,15;1,00049037;1.429.520.063.949,62;890;13,15;13,14;13,15;0,0256;4760,9604;
05/02/2025;13,15;1,00049037;1.430.856.427.770,7;878;13,15;13,14;13,15;0,0189;704,1080;
04/02/2025;13,15;1,00049037;1.455.020.308.857,54;925;13,15;13,14;13,15;0,0192;701,8237;
03/02/2025;13,15;1,00049037;1.447.714.264.663,33;928;13,15;13,14;13,15;0,0350;649,2433;
31/01/2025;13,15;1,00049037;1.451.402.221.147,39;833;13,15;13,14;13,15;0,0218;3523,0944;
30/01/2025;13,15;1,00049037;1.516.300.611.360,2;888;13,15;13,14;13,15;0,0357;691,0178;
29/01/2025;12,15;1,00045513;1.504.741.052.835,19;848;12,15;12,14;12,15;0,0184;578,5144;
28/01/2025;12,15;1,00045513;1.503.685.885.498,42;790;12,15;12,14;12,15;0,0181;613,2845;
27/01/2025;12,15;1,00045513;1.477.157.576.990,94;851;12,15;12,14;12,15;0,0183;604,3163;
24/01/2025;12,15;1,00045513;1.522.162.442.517,8;892;12,15;12,14;12,15;0,0261;4777,6091;
23/01/2025;12,15;1,00045513;1.541.740.667.747,99;855;12,15;12,14;12,15;0,0278;4380,3120;
22/01/2025;12,15;1,00045513;1.566.506.872.998,24;872;12,15;12,14;12,15;0,0276;4548,5380;
21/01/2025;12,15;1,00045513;1.612.574.019.701,75;848;12,15;12,14;12,15;0,0290;4299,8680;
20/01/2025;12,15;1,00045513;1.656.228.284.186,9;901;12,15;12,14;12,15;0,0285;4326,8398;
17/01/2025;12,15;1,00045513;1.657.062.706.979,22;888;12,15;12,14;12,15;0,0261;4709,4381;
16/01/2025;12,15;1,00045513;1.665.749.838.064,54;837;12,15;12,14;12,15;0,0287;4246,4342;
15/01/2025;12,15;1,00045513;1.674.668.980.830,3;896;12,15;12,14;12,15;0,0277;4526,3991;
14/01/2025;12,15;1,00045513;1.691.390.557.788,34;927;12,15;12,14;12,15;0,0360;3324,7578;
13/01/2025;12,15;1,00045513;1.821.093.025.550,73;954;12,15;12,14;12,15;0,0543;595,2747;
10/01/2025;12,15;1,00045513;1.699.306.992.229,03;932;12,15;12,14;12,15;0,0313;4010,9786;
09/01/2025;12,15;1,00045513;1.693.854.935.605,73;898;12,15;12,14;12,15;0,0396;2882,5096;
08/01/2025;12,15;1,00045513;1.689.390.470.820,3;926;12,15;12,14;12,15;0,0359;3334,5908;
07/01/2025;12,15;1,00045513;1.716.587.755.598,38;987;12,15;12,14;12,15;0,0311;3682,8354;
06/01/2025;12,15;1,00045513;1.721.200.099.275,14;978;12,15;12,14;12,15;0,0276;3728,4073;
03/01/2025;12,15;1,00045513;1.730.742.386.155,5;949;12,15;12,14;12,15;0,0226;3315,0236;
02/01/2025;12,15;1,00045513;1.686.745.750.553,83;981;12,15;12,14;12,15;0,0207;477,3190;
31/12/2024;12,15;1,00045513;1.278.142.428.720,8;323;12,15;12,15;12,15;0,0298;4708,1984;
30/12/2024;12,15;1,00045513;1.326.352.464.476,55;334;12,15;12,15;12,15;0,0242;4124,8103;
27/12/2024;12,15;1,00045513;1.487.096.173.286,16;903;12,15;12,14;12,15;0,0291;4132,6811;
26/12/2024;12,15;1,00045513;1.492.017.344.850,94;867;12,15;12,14;12,15;0,1130;527515,4822;
24/12/2024;12,15;1,00045513;1.401.001.551.621,44;378;12,15;12,15;12,15;0,0336;3869,2293;
23/12/2024;12,15;1,00045513;1.455.009.268.971,92;424;12,15;12,15;12,15;0,0327;3412,5188;
20/12/2024;12,15;1,00045513;1.670.269.263.891,6;882;12,15;12,14;12,15;0,0347;3447,9748;
19/12/2024;12,15;1,00045513;1.687.156.779.798,47;869;12,15;12,14;12,15;0,0322;4043,5268;
18/12/2024;12,15;1,00045513;1.701.619.618.480;894;12,15;12,14;12,15;0,0316;4177,3430;
17/12/2024;12,15;1,00045513;1.726.824.557.657,58;862;12,15;12,14;12,15;0,0364;3540,8871;
16/12/2024;12,15;1,00045513;1.713.345.744.898,38;800;12,15;12,14;12,15;0,0517;1016,3747;
13/12/2024;12,15;1,00045513;1.754.521.179.627,6;857;12,15;12,14;12,15;0,0517;1012,6189;
12/12/2024;12,15;1,00045513;1.740.237.045.786,31;840;12,15;12,14;12,15;0,0357;3552,4206;
11/12/2024;11,15;1,00041957;1.718.871.423.642,37;843;11,15;11,14;11,15;0,0350;2810,0676;
10/12/2024;11,15;1,00041957;1.762.720.496.217,46;878;11,15;11,14;11,15;0,0347;3056,3531;
09/12/2024;11,15;1,00041957;1.750.864.950.412,35;896;11,15;11,14;11,15;0,0377;2844,2250;
06/12/2024;11,15;1,00041957;1.739.465.558.179,95;922;11,15;11,14;11,15;0,0341;3293,9157;
05/12/2024;11,15;1,00041957;1.730.961.608.871,27;835;11,15;11,14;11,15;0,0277;4237,2335;
04/12/2024;11,15;1,00041957;1.734.397.408.630,74;852;11,15;11,14;11,15;0,0158;656,0061;
03/12/2024;11,15;1,00041957;1.754.945.807.104,06;852;11,15;11,14;11,15;0,0165;563,4974;
02/12/2024;11,15;1,00041957;1.719.552.958.666,34;836;11,15;11,14;11,15;0,0172;552,5560;
29/11/2024;11,15;1,00041957;1.657.429.910.833,37;850;11,15;11,14;11,15;0,0222;3980,5196;
28/11/2024;11,15;1,00041957;1.718.471.720.459,66;878;11,15;11,14;11,15;0,0232;3938,7275;
27/11/2024;11,15;1,00041957;1.697.970.192.407,85;865;11,15;11,14;11,15;0,0227;4974,2044;
26/11/2024;11,15;1,00041957;1.723.926.347.919,13;831;11,15;11,14;11,15;0,0264;4708,9276;
25/11/2024;11,15;1,00041957;1.745.099.587.473,43;843;11,15;11,14;11,15;0,0268;4204,0233;
22/11/2024;11,15;1,00041957;1.748.093.323.775,84;823;11,15;11,14;11,15;0,0291;4180,8421;
21/11/2024;11,15;1,00041957;1.745.962.052.941,91;816;11,15;11,14;11,15;0,0307;3696,9290;
19/11/2024;11,15;1,00041957;1.784.440.590.660,85;877;11,15;11,14;11,15;0,0304;3893,1162;
18/11/2024;11,15;1,00041957;1.768.334.384.599,99;838;11,15;11,14;11,15;0,0309;3887,1123;
14/11/2024;11,15;1,00041957;1.808.545.932.376,34;964;11,15;11,14;11,15;0,0302;4036,1421;
13/11/2024;11,15;1,00041957;1.811.603.433.916,85;834;11,15;11,14;11,15;0,0334;3292,5692;
12/11/2024;11,15;1,00041957;1.813.398.726.763,58;857;11,15;11,14;11,15;0,0343;3294,1607;
11/11/2024;11,15;1,00041957;1.792.687.664.848,35;851;11,15;11,14;11,15;0,0346;3244,2570;
08/11/2024;11,15;1,00041957;1.782.273.040.431,27;822;11,15;11,14;11,15;0,0373;7931,2310;
07/11/2024;11,15;1,00041957;1.783.235.625.616,22;835;11,15;11,14;11,15;0,0411;2331,1051;
06/11/2024;10,65;1,00040168;1.745.890.872.778,69;856;10,65;10,64;10,65;0,0349;2875,8003;
05/11/2024;10,65;1,00040168;1.783.909.587.657,19;835;10,65;10,64;10,65;0,0294;3610,9617;
04/11/2024;10,65;1,00040168;1.766.276.859.669,69;833;10,65;10,64;10,65;0,0238;4251,0854;
01/11/2024;10,65;1,00040168;1.738.184.163.923,99;845;10,65;10,64;10,65;0,0215;3804,3237;
31/10/2024;10,65;1,00040168;1.717.783.367.862,54;805;10,65;10,64;10,65;0,0298;3455,4527;
30/10/2024;10,65;1,00040168;1.804.364.824.259,98;860;10,65;10,64;10,65;0,0277;3838,7576;
29/10/2024;10,65;1,00040168;1.792.552.345.889,55;826;10,65;10,64;10,65;0,0293;3645,9485;
28/10/2024;10,65;1,00040168;1.775.185.047.587,97;842;10,65;10,64;10,65;0,0313;3455,8761;
25/10/2024;10,65;1,00040168;1.799.375.056.058,34;846;10,65;10,64;10,65;0,0312;3510,7157;
24/10/2024;10,65;1,00040168;1.791.728.236.417,02;841;10,65;10,64;10,65;0,0313;3414,7378;
23/10/2024;10,65;1,00040168;1.797.897.517.845,64;851;10,65;10,64;10,65;0,0333;3214,6497;
22/10/2024;10,65;1,00040168;1.816.312.228.471,01;848;10,65;10,64;10,65;0,0331;3289,8077;
21/10/2024;10,65;1,00040168;1.811.260.422.499,13;848;10,65;10,64;10,65;0,0333;3244,7160;
18/10/2024;10,65;1,00040168;1.850.761.762.886,66;800;10,65;10,64;10,65;0,0332;3259,4582;
17/10/2024;10,65;1,00040168;1.859.986.106.394,27;882;10,65;10,64;10,65;0,0334;3227,3857;
16/10/2024;10,65;1,00040168;1.850.709.991.748,15;843;10,65;10,64;10,65;0,0327;3365,1845;
15/10/2024;10,65;1,00040168;1.865.627.612.517,64;851;10,65;10,64;10,65;0,2036;166335,8837;
14/10/2024;10,65;1,00040168;1.876.808.926.076,81;879;10,65;10,64;10,65;0,0360;2834,8387;
11/10/2024;10,65;1,00040168;1.868.563.080.241,29;898;10,65;10,64;10,65;0,0354;2931,9756;
10/10/2024;10,65;1,00040168;1.893.369.529.449,01;773;10,65;10,64;10,65;0,0352;2986,4045;
09/10/2024;10,65;1,00040168;1.868.643.214.047,9;796;10,65;10,64;10,65;0,0347;3002,8681;
08/10/2024;10,65;1,00040168;1.877.607.269.827,35;827;10,65;10,64;10,65;0,0362;2792,5010;
07/10/2024;10,65;1,00040168;1.867.071.921.420,89;763;10,65;10,64;10,65;0,0310;3539,6249;
04/10/2024;10,65;1,00040168;1.880.097.621.606,24;768;10,65;10,64;10,65;0,0266;4208,7866;
03/10/2024;10,65;1,00040168;1.882.450.495.272,04;897;10,65;10,64;10,65;0,0220;4570,3037;
02/10/2024;10,65;1,00040168;1.885.982.932.871,94;881;10,65;10,64;10,65;0,0175;2135,0152;
01/10/2024;10,65;1,00040168;1.906.383.745.690,57;922;10,65;10,64;10,65;0,0186;1455,0484;
30/09/2024;10,65;1,00040168;1.742.582.939.546,26;931;10,65;10,64;10,65;0,0220;3702,0688;
27/09/2024;10,65;1,00040168;1.810.005.011.420,02;888;10,65;10,64;10,65;0,0252;2405,9382;
26/09/2024;10,65;1,00040168;1.834.411.916.867,02;871;10,65;10,64;10,65;0,0229;2437,3020;
25/09/2024;10,65;1,00040168;1.867.857.425.392,94;798;10,65;10,64;10,65;0,0204;2917,3794;
24/09/2024;10,65;1,00040168;1.883.918.829.661,82;816;10,65;10,64;10,65;0,0211;3835,9683;
23/09/2024;10,65;1,00040168;1.888.007.774.127,44;779;10,65;10,64;10,65;0,0235;4184,9215;
20/09/2024;10,65;1,00040168;1.900.126.392.430,47;825;10,65;10,64;10,65;0,0263;3789,0441;
19/09/2024;10,65;1,00040168;1.918.226.496.631,73;866;10,65;10,64;10,65;0,0261;3866,1742;
18/09/2024;10,4;1,00039270;1.870.562.534.148,52;785;10,4;10,39;10,4;0,0260;3770,8597;
17/09/2024;10,4;1,00039270;1.951.228.918.446,55;940;10,4;10,39;10,4;0,0308;3065,1772;
16/09/2024;10,4;1,00039270;1.925.334.066.382,82;783;10,4;10,39;10,4;0,0306;3148,9163;
13/09/2024;10,4;1,00039270;1.934.240.399.105,21;808;10,4;10,39;10,4;0,0292;3349,8856;
12/09/2024;10,4;1,00039270;1.940.511.587.994,04;781;10,4;10,39;10,4;0,0321;3081,8997;
11/09/2024;10,4;1,00039270;1.946.740.178.349,78;796;10,4;10,39;10,4;0,0334;3029,9285;
10/09/2024;10,4;1,00039270;1.962.628.617.546,22;805;10,4;10,4;10,4;0,0349;2654,5398;
09/09/2024;10,4;1,00039270;1.946.700.268.715,31;785;10,4;10,39;10,4;0,0335;2931,0227;
06/09/2024;10,4;1,00039270;1.942.422.421.331,44;792;10,4;10,39;10,4;0,0320;3085,1328;
05/09/2024;10,4;1,00039270;1.940.055.913.518,53;794;10,4;10,39;10,4;0,0300;3270,0357;
04/09/2024;10,4;1,00039270;1.944.758.878.236,36;879;10,4;10,39;10,4;0,0282;3362,2507;
03/09/2024;10,4;1,00039270;1.969.052.850.738,02;798;10,4;10,39;10,4;0,0275;3513,0865;
02/09/2024;10,4;1,00039270;1.949.321.791.784,2;941;10,4;10,39;10,4;0,0253;3093,9117;
30/08/2024;10,4;1,00039270;1.637.735.485.319,34;794;10,4;10,39;10,4;0,0236;3451,8493;
29/08/2024;10,4;1,00039270;1.682.080.348.066,82;841;10,4;10,39;10,4;0,0245;3629,5909;
28/08/2024;10,4;1,00039270;1.664.537.338.830,96;839;10,4;10,39;10,4;0,0262;2868,8431;
27/08/2024;10,4;1,00039270;1.676.082.814.733,45;943;10,4;10,39;10,4;0,0281;3082,3828;
26/08/2024;10,4;1,00039270;1.670.319.918.430,18;834;10,4;10,39;10,4;0,0259;3449,1113;
23/08/2024;10,4;1,00039270;1.699.681.655.397,19;833;10,4;10,39;10,4;0,0250;3869,7324;
22/08/2024;10,4;1,00039270;1.693.906.243.426,39;859;10,4;10,39;10,4;0,0263;3445,0020;
21/08/2024;10,4;1,00039270;1.707.083.434.273,65;841;10,4;10,39;10,4;0,0259;3719,3835;
20/08/2024;10,4;1,00039270;1.753.091.185.397,24;819;10,4;10,39;10,4;0,0307;3199,0006;
19/08/2024;10,4;1,00039270;1.756.366.653.160,63;890;10,4;10,39;10,4;0,0316;2859,2333;
16/08/2024;10,4;1,00039270;1.768.254.547.209,13;837;10,4;10,39;10,4;0,0299;3217,6998;
15/08/2024;10,4;1,00039270;1.738.134.684.352,55;922;10,4;10,39;10,4;0,0316;2919,7989;
14/08/2024;10,4;1,00039270;1.511.300.083.601,79;900;10,4;10,39;10,4;0,0345;2472,7725;
13/08/2024;10,4;1,00039270;1.532.604.547.702,43;848;10,4;10,39;10,4;0,0355;2384,3372;
12/08/2024;10,4;1,00039270;1.531.355.836.475,03;866;10,4;10,39;10,4;0,0344;2583,9921;
09/08/2024;10,4;1,00039270;1.506.393.870.416,43;827;10,4;10,39;10,4;0,0330;2787,9071;
08/08/2024;10,4;1,00039270;1.505.746.764.830,01;821;10,4;10,39;10,4;0,0329;2703,1147;
07/08/2024;10,4;1,00039270;1.498.370.700.500,58;860;10,4;10,39;10,4;0,0310;2845,4032;
06/08/2024;10,4;1,00039270;1.503.349.949.768,14;846;10,4;10,39;10,4;0,0313;2764,3621;
05/08/2024;10,4;1,00039270;1.503.206.083.288,75;771;10,4;10,39;10,4;0,0281;2796,4862;
02/08/2024;10,4;1,00039270;1.478.163.493.274,68;836;10,4;10,39;10,4;0,0231;3726,3481;
01/08/2024;10,4;1,00039270;1.441.944.714.786,36;896;10,4;10,39;10,4;0,0195;1561,0355;
31/07/2024;10,4;1,00039270;1.438.725.508.456,86;847;10,4;10,39;10,4;0,0228;2938,4464;
30/07/2024;10,4;1,00039270;1.490.739.045.134,18;853;10,4;10,39;10,4;0,0272;3208,6212;
29/07/2024;10,4;1,00039270;1.496.625.472.468,82;851;10,4;10,39;10,4;0,0228;3315,4852;
26/07/2024;10,4;1,00039270;1.481.806.979.499,3;861;10,4;10,39;10,4;0,0262;20462,0709;
25/07/2024;10,4;1,00039270;1.532.201.338.992,37;872;10,4;10,39;10,4;0,0190;1249,1393;
24/07/2024;10,4;1,00039270;1.505.286.772.442,97;860;10,4;10,39;10,4;0,0205;2395,9548;
23/07/2024;10,4;1,00039270;1.497.110.340.448,06;847;10,4;10,39;10,4;0,0238;2933,9144;
22/07/2024;10,4;1,00039270;1.498.705.392.005,94;859;10,4;10,39;10,4;0,0230;3267,0243;
19/07/2024;10,4;1,00039270;1.561.485.619.544,05;862;10,4;10,39;10,4;0,0218;3021,2708;
18/07/2024;10,4;1,00039270;1.552.404.374.664,6;864;10,4;10,39;10,4;0,0222;3277,2064;
17/07/2024;10,4;1,00039270;1.548.262.188.871,57;879;10,4;10,39;10,4;0,0209;2874,7005;
16/07/2024;10,4;1,00039270;1.578.047.849.377,64;883;10,4;10,39;10,4;0,0292;2861,0025;
15/07/2024;10,4;1,00039270;1.545.963.839.725,5;868;10,4;10,39;10,4;0,0294;2947,2581;
12/07/2024;10,4;1,00039270;1.561.318.376.713,2;868;10,4;10,39;10,4;0,0290;3101,3626;
11/07/2024;10,4;1,00039270;1.555.382.175.506,89;841;10,4;10,39;10,4;0,0296;3364,4584;
10/07/2024;10,4;1,00039270;1.562.343.938.140,94;875;10,4;10,39;10,4;0,0287;3609,8397;
09/07/2024;10,4;1,00039270;1.568.219.346.024,64;858;10,4;10,39;10,4;0,0324;2788,6498;
08/07/2024;10,4;1,00039270;1.561.548.934.979,85;857;10,4;10,39;10,4;0,0357;2483,8601;
05/07/2024;10,4;1,00039270;1.568.369.742.795,94;892;10,4;10,39;10,4;0,0336;2748,8708;
04/07/2024;10,4;1,00039270;1.560.899.650.475,86;871;10,4;10,39;10,4;0,0301;3317,5662;
03/07/2024;10,4;1,00039270;1.587.470.000.978,45;868;10,4;10,39;10,4;0,0269;3728,5711;
02/07/2024;10,4;1,00039270;1.586.163.132.692,62;879;10,4;10,39;10,4;0,0259;3743,7101;
01/07/2024;10,4;1,00039270;1.555.518.741.997,36;887;10,4;10,39;10,4;0,0241;3145,3445;
28/06/2024;10,4;1,00039270;1.313.314.112.652,7;837;10,4;10,39;10,4;0,0291;2872,1561;
27/06/2024;10,4;1,00039270;1.419.645.644.246,06;821;10,4;10,39;10,4;0,0280;2708,1835;
26/06/2024;10,4;1,00039270;1.401.926.941.348,16;851;10,4;10,39;10,4;0,0258;3554,7132;
25/06/2024;10,4;1,00039270;1.426.827.297.367,95;860;10,4;10,39;10,4;0,0299;2862,7824;
24/06/2024;10,4;1,00039270;1.435.985.922.127,35;837;10,4;10,39;10,4;0,0287;3047,4946;
21/06/2024;10,4;1,00039270;1.428.250.030.688,7;858;10,4;10,39;10,4;0,0287;3181,9895;
20/06/2024;10,4;1,00039270;1.460.319.893.795,41;857;10,4;10,39;10,4;0,0280;3425,3959;
19/06/2024;10,4;1,00039270;1.468.810.650.596,91;846;10,4;10,39;10,4;0,0283;3423,8361;
18/06/2024;10,4;1,00039270;1.465.759.036.337,89;859;10,4;10,39;10,4;0,0357;2456,5699;
17/06/2024;10,4;1,00039270;1.460.999.987.305,56;864;10,4;10,39;10,4;0,0361;2389,1044;
14/06/2024;10,4;1,00039270;1.462.057.938.883,86;853;10,4;10,39;10,4;0,0394;2164,5595;
13/06/2024;10,4;1,00039270;1.457.978.493.994,21;839;10,4;10,39;10,4;0,0403;2307,0616;
12/06/2024;10,4;1,00039270;1.460.350.720.244,84;856;10,4;10,39;10,4;0,0396;2214,8975;
11/06/2024;10,4;1,00039270;1.485.509.601.542,54;849;10,4;10,39;10,4;0,0416;2024,7142;
10/06/2024;10,4;1,00039270;1.464.951.859.200,3;860;10,4;10,39;10,4;0,0397;2126,6259;
07/06/2024;10,4;1,00039270;1.442.290.200.544,62;854;10,4;10,39;10,4;0,0449;1784,1303;
06/06/2024;10,4;1,00039270;1.438.349.553.110,81;863;10,4;10,39;10,4;0,0414;1994,6008;
05/06/2024;10,4;1,00039270;1.463.683.820.845,75;859;10,4;10,39;10,4;0,0368;2317,4260;
04/06/2024;10,4;1,00039270;1.463.980.331.341,98;865;10,4;10,39;10,4;0,0345;2396,0133;
03/06/2024;10,4;1,00039270;1.439.583.903.927,29;852;10,4;10,39;10,4;0,0305;2499,0886;
31/05/2024;10,4;1,00039270;1.337.513.563.688,69;807;10,4;10,39;10,4;0,0327;2424,9393;
29/05/2024;10,4;1,00039270;1.423.145.982.659,79;858;10,4;10,39;10,4;0,0358;2299,6843;
28/05/2024;10,4;1,00039270;1.417.018.588.222,32;842;10,4;10,39;10,4;0,0284;3095,0401;
27/05/2024;10,4;1,00039270;1.400.928.933.941,22;880;10,4;10,39;10,4;0,0231;3678,6287;
24/05/2024;10,4;1,00039270;1.422.077.132.472,66;848;10,4;10,39;10,4;0,0242;3967,2381;
23/05/2024;10,4;1,00039270;1.416.603.346.036;831;10,4;10,39;10,4;0,0237;4110,7799;
22/05/2024;10,4;1,00039270;1.404.666.556.866,92;826;10,4;10,39;10,4;0,0240;3666,7843;
21/05/2024;10,4;1,00039270;1.426.307.155.434,98;858;10,4;10,39;10,4;0,0254;3465,3252;
20/05/2024;10,4;1,00039270;1.473.750.612.772,3;871;10,4;10,39;10,4;0,0310;3051,8271;
17/05/2024;10,4;1,00039270;1.465.395.577.849,84;838;10,4;10,39;10,4;0,0286;3458,7818;
16/05/2024;10,4;1,00039270;1.475.900.007.326,94;854;10,4;10,39;10,4;0,0288;3368,9032;
15/05/2024;10,4;1,00039270;1.472.078.012.169,82;857;10,4;10,39;10,4;0,0287;3412,3968;
14/05/2024;10,4;1,00039270;1.466.661.300.598,53;876;10,4;10,39;10,4;0,0383;2329,3867;
13/05/2024;10,4;1,00039270;1.455.277.034.931,69;853;10,4;10,39;10,4;0,0400;2191,5240;
10/05/2024;10,4;1,00039270;1.442.143.501.923,97;852;10,4;10,39;10,4;0,0409;2064,4002;
09/05/2024;10,4;1,00039270;1.433.766.051.779,51;858;10,4;10,39;10,4;0,0431;1831,8280;
08/05/2024;10,65;1,00040168;1.430.731.589.039,65;866;10,65;10,64;10,65;0,0448;1868,5544;
07/05/2024;10,65;1,00040168;1.456.273.236.570,27;876;10,65;10,64;10,65;0,0433;1935,9037;
06/05/2024;10,65;1,00040168;1.454.753.522.610,81;895;10,65;10,64;10,65;0,0381;2379,7784;
03/05/2024;10,65;1,00040168;1.443.174.917.611,97;862;10,65;10,64;10,65;0,0341;2752,6110;
02/05/2024;10,65;1,00040168;1.427.576.856.914,34;871;10,65;10,64;10,65;0,0313;3077,4126;
30/04/2024;10,65;1,00040168;1.441.884.289.582,9;864;10,65;10,64;10,65;0,0323;2850,3010;
29/04/2024;10,65;1,00040168;1.480.361.024.801,77;874;10,65;10,64;10,65;0,0312;3187,3654;
26/04/2024;10,65;1,00040168;1.467.315.627.752,54;862;10,65;10,64;10,65;0,0326;3068,2363;
25/04/2024;10,65;1,00040168;1.485.921.592.687,18;838;10,65;10,64;10,65;0,0424;4058,9449;
24/04/2024;10,65;1,00040168;1.475.981.328.846,92;850;10,65;10,64;10,65;0,0415;4232,1833;
23/04/2024;10,65;1,00040168;1.509.674.705.734,17;832;10,65;10,64;10,65;0,0431;3898,0139;
22/04/2024;10,65;1,00040168;1.516.138.462.969,9;864;10,65;10,64;10,65;0,0370;4612,7176;
19/04/2024;10,65;1,00040168;1.570.416.762.043,12;863;10,65;10,64;10,65;0,0370;4894,3235;
18/04/2024;10,65;1,00040168;1.577.131.765.839,87;849;10,65;10,64;10,65;0,0381;4448,5389;
17/04/2024;10,65;1,00040168;1.579.665.013.089,98;839;10,65;10,64;10,65;0,0432;3929,0738;
16/04/2024;10,65;1,00040168;1.602.290.811.550,78;868;10,65;10,64;10,65;0,0745;1587,9232;
15/04/2024;10,65;1,00040168;1.580.507.230.321,46;860;10,65;10,64;10,65;0,0673;1861,5998;
12/04/2024;10,65;1,00040168;1.561.756.372.666,6;835;10,65;10,64;10,65;0,0508;3012,7751;
11/04/2024;10,65;1,00040168;1.558.394.922.626,97;862;10,65;10,64;10,65;0,0495;3082,5030;
10/04/2024;10,65;1,00040168;1.548.011.819.512,22;858;10,65;10,64;10,65;0,0299;5225,0519;
09/04/2024;10,65;1,00040168;1.562.332.530.742,37;873;10,65;10,64;10,65;0,0387;4525,9540;
08/04/2024;10,65;1,00040168;1.541.113.016.369,79;874;10,65;10,64;10,65;0,0420;4039,9008;
05/04/2024;10,65;1,00040168;1.564.045.829.565,28;924;10,65;10,64;10,65;0,0376;4543,0697;
04/04/2024;10,65;1,00040168;1.547.575.952.438,55;841;10,65;10,64;10,65;0,0327;4780,8706;
03/04/2024;10,65;1,00040168;1.556.368.016.870,89;890;10,65;10,64;10,65;0,0311;5318,6263;
02/04/2024;10,65;1,00040168;1.590.641.285.603,87;834;10,65;10,64;10,65;0,0295;5706,3221;
01/04/2024;10,65;1,00040168;1.558.629.266.425,76;881;10,65;10,64;10,65;0,0286;5368,6200;
28/03/2024;10,65;1,00040168;1.385.286.299.237,41;789;10,65;10,64;10,65;0,0368;5094,6990;
27/03/2024;10,65;1,00040168;1.430.994.650.728,63;825;10,65;10,64;10,65;0,0382;4977,9668;
26/03/2024;10,65;1,00040168;1.490.180.667.593,49;837;10,65;10,64;10,65;0,0347;5781,5421;
25/03/2024;10,65;1,00040168;1.509.679.266.821,39;828;10,65;10,64;10,65;0,0331;6213,7595;
22/03/2024;10,65;1,00040168;1.504.969.883.054,71;835;10,65;10,64;10,65;0,0336;6142,4628;
21/03/2024;10,65;1,00040168;1.510.469.346.290,41;808;10,65;10,64;10,65;0,0314;6701,3440;
20/03/2024;11,15;1,00041957;1.591.184.970.514,5;701;11,15;11,14;11,15;0,0267;8862,4596;
19/03/2024;11,15;1,00041957;1.640.775.273.638,24;829;11,15;11,14;11,15;0,0458;4537,3402;
18/03/2024;11,15;1,00041957;1.640.454.643.853,86;821;11,15;11,14;11,15;0,0518;3758,4834;
15/03/2024;11,15;1,00041957;1.636.404.957.681,23;772;11,15;11,14;11,15;0,0493;4083,3095;
14/03/2024;11,15;1,00041957;1.656.993.977.858,11;762;11,15;11,14;11,15;0,0441;4841,3988;
13/03/2024;11,15;1,00041957;1.658.549.204.395,96;706;11,15;11,14;11,15;0,0329;6505,6592;
12/03/2024;11,15;1,00041957;1.681.317.464.453,74;690;11,15;11,14;11,15;0,0291;5833,6590;
11/03/2024;11,15;1,00041957;1.686.889.681.545,67;690;11,15;11,14;11,15;0,0298;5988,7342;
08/03/2024;11,15;1,00041957;1.663.913.152.259,6;673;11,15;11,14;11,15;0,0350;5695,3490;
07/03/2024;11,15;1,00041957;1.681.337.740.362,36;643;11,15;11,14;11,15;0,0355;5802,3360;
06/03/2024;11,15;1,00041957;1.678.488.688.928,94;676;11,15;11,14;11,15;0,0322;6351,5163;
05/03/2024;11,15;1,00041957;1.726.185.759.949,36;659;11,15;11,14;11,15;0,0297;7393,2167;
04/03/2024;11,15;1,00041957;1.707.210.174.152,79;677;11,15;11,14;11,15;0,0281;7723,5863;
01/03/2024;11,15;1,00041957;1.677.614.560.139,82;695;11,15;11,14;11,15;0,0274;7920,0816;
29/02/2024;11,15;1,00041957;1.468.808.328.596,39;776;11,15;11,14;11,15;0,0354;6177,1973;
28/02/2024;11,15;1,00041957;1.499.640.862.521,42;839;11,15;11,14;11,15;0,0358;5829,8878;
27/02/2024;11,15;1,00041957;1.530.555.568.242,4;791;11,15;11,14;11,15;0,0324;6075,3729;
26/02/2024;11,15;1,00041957;1.524.850.114.431,47;810;11,15;11,14;11,15;0,0346;5864,9323;
23/02/2024;11,15;1,00041957;1.539.199.993.067,43;799;11,15;11,14;11,15;0,0366;5657,6709;
22/02/2024;11,15;1,00041957;1.545.423.664.801,08;815;11,15;11,14;11,15;0,0341;6105,5944;
21/02/2024;11,15;1,00041957;1.547.171.447.373,15;811;11,15;11,14;11,15;0,0316;6218,2933;
20/02/2024;11,15;1,00041957;1.634.955.165.732,08;692;11,15;11,14;11,15;0,0303;6513,5970;
19/02/2024;11,15;1,00041957;1.630.886.130.019,72;670;11,15;11,14;11,15;0,0306;9497,6965;
16/02/2024;11,15;1,00041957;1.629.579.919.348,06;666;11,15;11,14;11,15;0,0462;4929,3649;
15/02/2024;11,15;1,00041957;1.634.565.313.425,61;839;11,15;11,14;11,15;0,0469;4891,7043;
14/02/2024;11,15;1,00041957;1.570.554.315.877,1;767;11,15;11,14;11,15;0,0351;7149,2563;
09/02/2024;11,15;1,00041957;1.566.096.933.696,73;662;11,15;11,14;11,15;0,0367;7191,8027;
08/02/2024;11,15;1,00041957;1.572.064.959.545,76;643;11,15;11,14;11,15;0,0341;8211,7574;
07/02/2024;11,15;1,00041957;1.544.927.992.166,23;766;11,15;11,14;11,15;0,0315;9076,9050;
06/02/2024;11,15;1,00041957;1.559.639.980.784,27;679;11,15;11,14;11,15;0,0309;9168,5454;
05/02/2024;11,15;1,00041957;1.554.763.257.720,38;806;11,15;11,14;11,15;0,0306;9174,4650;
02/02/2024;11,15;1,00041957;1.517.722.256.865,04;681;11,15;11,14;11,15;0,0306;8963,6552;
01/02/2024;11,15;1,00041957;1.503.554.314.668,98;783;11,15;11,14;11,15;0,0291;9563,5160;
31/01/2024;11,65;1,00043739;1.533.244.314.025,86;772;11,65;11,64;11,65;0,0340;8385,5128;
30/01/2024;11,65;1,00043739;1.616.815.414.279,06;686;11,65;11,64;11,65;0,0410;7079,6376;
29/01/2024;11,65;1,00043739;1.620.028.498.446,19;697;11,65;11,64;11,65;0,0362;8006,1589;
26/01/2024;11,65;1,00043739;1.585.075.745.539,65;807;11,65;11,64;11,65;0,0433;6262,9930;
25/01/2024;11,65;1,00043739;1.610.564.222.616,3;637;11,65;11,64;11,65;0,0322;9530,3596;
24/01/2024;11,65;1,00043739;1.627.692.451.285,63;639;11,65;11,64;11,65;0,0363;7868,5954;
23/01/2024;11,65;1,00043739;1.651.256.684.888,53;697;11,65;11,64;11,65;0,0375;7506,5342;
22/01/2024;11,65;1,00043739;1.647.839.495.200,18;804;11,65;11,64;11,65;0,0345;8512,6387;
19/01/2024;11,65;1,00043739;1.677.824.492.401,72;680;11,65;11,64;11,65;0,0324;9676,5614;
18/01/2024;11,65;1,00043739;1.699.629.435.994,04;661;11,65;11,64;11,65;0,0314;9983,4821;
17/01/2024;11,65;1,00043739;1.704.985.217.720,72;670;11,65;11,64;11,65;0,0299;10160,0453;
16/01/2024;11,65;1,00043739;1.720.133.873.850,79;655;11,65;11,64;11,65;0,0567;3757,5735;
15/01/2024;11,65;1,00043739;1.737.813.473.272,39;722;11,65;11,64;11,65;0,1223;148630,8644;
12/01/2024;11,65;1,00043739;1.726.077.197.988,73;717;11,65;11,64;11,65;0,0518;8331,6984;
11/01/2024;11,65;1,00043739;1.732.416.708.760,72;699;11,65;11,64;11,65;0,0321;9111,9765;
10/01/2024;11,65;1,00043739;1.728.690.168.258,27;715;11,65;11,64;11,65;0,0293;10059,6354;
09/01/2024;11,65;1,00043739;1.748.184.592.991,06;787;11,65;11,64;11,65;0,0333;8727,8506;
08/01/2024;11,65;1,00043739;1.732.374.484.331,52;710;11,65;11,64;11,65;0,0335;8688,5399;
05/01/2024;11,65;1,00043739;1.739.548.612.884,46;803;11,65;11,64;11,65;0,0320;9185,7150;
04/01/2024;11,65;1,00043739;1.766.394.535.264,87;806;11,65;11,64;11,65;0,0300;9089,2054;
03/01/2024;11,65;1,00043739;1.772.488.671.008,43;820;11,65;11,64;11,65;0,0302;8545,9279;
02/01/2024;11,65;1,00043739;1.736.505.191.312,17;805;11,65;11,64;11,65;0,0358;6705,5068;
29/12/2023;11,65;1,00043739;1.217.331.604.223,66;249;11,65;11,65;11,65;0,0353;8031,5483;
28/12/2023;11,65;1,00043739;1.266.103.079.763,9;396;11,65;11,65;11,65;0,2287;3082,0313;
27/12/2023;11,65;1,00043739;1.378.258.726.056,72;811;11,65;11,64;11,65;0,0604;3832,5338;
26/12/2023;11,65;1,00043739;1.352.771.024.814,5;824;11,65;11,64;11,65;0,0465;5039,0451;
22/12/2023;11,65;1,00043739;1.343.367.735.065,1;809;11,65;11,64;11,65;0,0389;6691,5569;
21/12/2023;11,65;1,00043739;1.334.489.809.861,13;776;11,65;11,64;11,65;0,0402;5895,0772;
20/12/2023;11,65;1,00043739;1.409.317.787.343,22;790;11,65;11,64;11,65;0,0344;7268,8806;
19/12/2023;11,65;1,00043739;1.443.533.925.799,8;799;11,65;11,64;11,65;0,0427;5942,0295;
18/12/2023;11,65;1,00043739;1.427.896.292.720,87;802;11,65;11,64;11,65;0,0653;2842,3288;
15/12/2023;11,65;1,00043739;1.393.565.784.157,56;785;11,65;11,64;11,65;0,0564;3657,4767;
14/12/2023;11,65;1,00043739;1.415.766.353.522,78;814;11,65;11,64;11,65;0,0804;1929,2323;
13/12/2023;12,15;1,00045513;1.455.882.818.286,55;828;12,15;12,14;12,15;0,0817;2052,6820;
12/12/2023;12,15;1,00045513;1.472.776.518.015,82;797;12,15;12,14;12,15;0,0321;10010,9767;
11/12/2023;12,15;1,00045513;1.467.813.313.110,15;697;12,15;12,14;12,15;0,0437;6446,7383;
08/12/2023;12,15;1,00045513;1.456.966.755.365,31;783;12,15;12,14;12,15;0,0472;5645,1938;
07/12/2023;12,15;1,00045513;1.454.055.151.519,25;779;12,15;12,14;12,15;0,0490;5306,0535;
06/12/2023;12,15;1,00045513;1.448.770.722.501,55;787;12,15;12,14;12,15;0,0434;6514,4853;
05/12/2023;12,15;1,00045513;1.503.840.515.351,27;713;12,15;12,14;12,15;0,0543;20874,0465;
04/12/2023;12,15;1,00045513;1.503.958.810.467,54;692;12,15;12,14;12,15;0,0391;7840,7527;
01/12/2023;12,15;1,00045513;1.471.767.555.780,78;825;12,15;12,14;12,15;0,0498;9577,8471;
30/11/2023;12,15;1,00045513;1.430.736.765.801,04;801;12,15;12,14;12,15;0,0450;6155,2947;
29/11/2023;12,15;1,00045513;1.452.708.803.425,3;797;12,15;12,14;12,15;0,0408;7240,7443;
28/11/2023;12,15;1,00045513;1.461.860.698.626,43;790;12,15;12,14;12,15;0,0344;9532,1418;
27/11/2023;12,15;1,00045513;1.461.569.003.060,28;684;12,15;12,14;12,15;0,0335;9765,1020;
24/11/2023;12,15;1,00045513;1.485.960.175.126,48;689;12,15;12,14;12,15;0,0396;7563,4837;
23/11/2023;12,15;1,00045513;1.487.837.983.684,82;680;12,15;12,14;12,15;0,0404;7476,9809;
22/11/2023;12,15;1,00045513;1.494.699.163.862,98;798;12,15;12,14;12,15;0,0390;7222,0072;
21/11/2023;12,15;1,00045513;1.517.936.088.575,69;810;12,15;12,14;12,15;0,0334;9212,6887;
20/11/2023;12,15;1,00045513;1.544.404.889.115,21;778;12,15;12,14;12,15;0,0269;12053,3724;
17/11/2023;12,15;1,00045513;1.545.897.171.621,12;648;12,15;12,14;12,15;0,0445;6286,5313;
16/11/2023;12,15;1,00045513;1.546.344.364.108,76;650;12,15;12,14;12,15;0,0409;7352,5837;
14/11/2023;12,15;1,00045513;1.553.603.129.906,71;732;12,15;12,14;12,15;0,0472;5501,6692;
13/11/2023;12,15;1,00045513;1.544.271.998.616,95;664;12,15;12,14;12,15;0,0431;6631,4043;
10/11/2023;12,15;1,00045513;1.532.722.143.714,32;638;12,15;12,14;12,15;0,0341;9554,3250;
09/11/2023;12,15;1,00045513;1.536.196.922.320,21;620;12,15;12,14;12,15;0,0381;8140,9371;
08/11/2023;12,15;1,00045513;1.511.100.818.348,72;643;12,15;12,14;12,15;0,0408;7116,4481;
07/11/2023;12,15;1,00045513;1.532.348.777.673,69;679;12,15;12,14;12,15;0,0341;9581,4408;
06/11/2023;12,15;1,00045513;1.523.682.030.278,03;647;12,15;12,14;12,15;0,0361;9294,5567;
03/11/2023;12,15;1,00045513;1.504.295.701.329,72;664;12,15;12,14;12,15;0,0436;3285,8115;
01/11/2023;12,65;1,00047279;1.530.105.398.886,95;635;12,65;12,64;12,65;0,0327;10856,1120;
31/10/2023;12,65;1,00047279;1.538.843.858.548,07;654;12,65;12,64;12,65;0,0387;8438,2038;
30/10/2023;12,65;1,00047279;1.562.545.813.435,63;639;12,65;12,64;12,65;0,0341;10559,0929;
27/10/2023;12,65;1,00047279;1.556.995.749.937,34;678;12,65;12,64;12,65;0,0365;9445,3410;
26/10/2023;12,65;1,00047279;1.559.371.480.775,45;643;12,65;12,64;12,65;0,0405;8083,6477;
25/10/2023;12,65;1,00047279;1.574.526.021.342,49;642;12,65;12,64;12,65;0,0389;8515,8370;
24/10/2023;12,65;1,00047279;1.583.779.365.683,83;679;12,65;12,64;12,65;0,0410;17967,4926;
23/10/2023;12,65;1,00047279;1.610.219.529.725,15;628;12,65;12,64;12,65;0,0429;7492,6850;
20/10/2023;12,65;1,00047279;1.654.833.872.445,16;644;12,65;12,64;12,65;0,0401;9896,3524;
19/10/2023;12,65;1,00047279;1.661.164.338.072,89;625;12,65;12,64;12,65;0,0431;7337,7803;
18/10/2023;12,65;1,00047279;1.658.753.990.283,68;662;12,65;12,64;12,65;0,0423;7527,5722;
17/10/2023;12,65;1,00047279;1.659.192.474.990;652;12,65;12,64;12,65;0,0509;5467,7847;
16/10/2023;12,65;1,00047279;1.657.055.182.063;653;12,65;12,64;12,65;0,0463;6404,5328;
13/10/2023;12,65;1,00047279;1.639.486.471.797,1;656;12,65;12,64;12,65;0,0450;6650,3933;
11/10/2023;12,65;1,00047279;1.659.419.134.088,47;797;12,65;12,64;12,65;0,0524;5072,5990;
10/10/2023;12,65;1,00047279;1.684.228.033.030,48;658;12,65;12,64;12,65;0,0443;6854,4297;
09/10/2023;12,65;1,00047279;1.681.542.037.055,54;637;12,65;12,64;12,65;0,0445;6988,4011;
06/10/2023;12,65;1,00047279;1.675.803.926.998,15;689;12,65;12,64;12,65;0,0478;6126,0958;
05/10/2023;12,65;1,00047279;1.685.557.818.602,26;659;12,65;12,64;12,65;0,0449;6844,6723;
04/10/2023;12,65;1,00047279;1.677.138.752.683,61;665;12,65;12,64;12,65;0,0330;11287,6488;
03/10/2023;12,65;1,00047279;1.693.724.597.050,87;662;12,65;12,64;12,65;0,0326;11129,6645;
02/10/2023;12,65;1,00047279;1.668.222.357.073,26;693;12,65;12,64;12,65;0,0315;11663,5369;
29/09/2023;12,65;1,00047279;1.540.402.721.463,98;745;12,65;12,64;12,65;0,0362;9389,6272;
28/09/2023;12,65;1,00047279;1.591.655.754.792,51;662;12,65;12,64;12,65;0,0322;11355,8876;
27/09/2023;12,65;1,00047279;1.589.249.644.239,44;637;12,65;12,64;12,65;0,0304;12293,0995;
26/09/2023;12,65;1,00047279;1.604.002.057.357,97;675;12,65;12,64;12,65;0,0358;9702,4022;
25/09/2023;12,65;1,00047279;1.626.255.705.245,51;672;12,65;12,64;12,65;0,0347;10007,3968;
22/09/2023;12,65;1,00047279;1.577.329.387.207,07;678;12,65;12,64;12,65;0,0411;7770,4240;
21/09/2023;12,65;1,00047279;1.591.291.230.810,32;662;12,65;12,64;12,65;0,0345;7758,2051;
20/09/2023;13,15;1,00049037;1.663.575.178.266,04;664;13,15;13,14;13,15;0,0339;11198,0578;
19/09/2023;13,15;1,00049037;1.677.816.166.816,88;636;13,15;13,14;13,15;0,0359;10513,8434;
18/09/2023;13,15;1,00049037;1.680.736.642.268,66;633;13,15;13,14;13,15;0,0600;4360,0999;
15/09/2023;13,15;1,00049037;1.693.064.277.592,2;619;13,15;13,14;13,15;0,0574;4533,8157;
14/09/2023;13,15;1,00049037;1.694.723.397.017,17;626;13,15;13,14;13,15;0,0543;5282,5714;
13/09/2023;13,15;1,00049037;1.699.309.658.748,77;636;13,15;13,14;13,15;0,0495;6256,0656;
12/09/2023;13,15;1,00049037;1.713.318.037.630,42;637;13,15;13,14;13,15;0,0275;14509,6874;
11/09/2023;13,15;1,00049037;1.723.090.801.184,25;654;13,15;13,14;13,15;0,0530;5446,9184;
08/09/2023;13,15;1,00049037;1.691.159.775.949,31;632;13,15;13,14;13,15;0,0360;10326,0109;
06/09/2023;13,15;1,00049037;1.704.379.572.947,15;613;13,15;13,14;13,15;0,0324;12324,8720;
05/09/2023;13,15;1,00049037;1.706.905.147.243,24;644;13,15;13,14;13,15;0,0329;10494,6509;
04/09/2023;13,15;1,00049037;1.709.257.004.238,26;651;13,15;13,14;13,15;0,0379;9062,2151;
01/09/2023;13,15;1,00049037;1.700.529.513.913,64;670;13,15;13,14;13,15;0,0393;8439,5060;
31/08/2023;13,15;1,00049037;1.331.433.206.119,48;606;13,15;13,14;13,15;0,0405;8125,8059;
30/08/2023;13,15;1,00049037;1.352.317.657.713,58;734;13,15;13,14;13,15;0,0500;5387,1284;
29/08/2023;13,15;1,00049037;1.378.227.717.142,66;624;13,15;13,14;13,15;0,0474;6181,7632;
28/08/2023;13,15;1,00049037;1.359.347.020.948,66;629;13,15;13,14;13,15;0,0488;6288,5725;
25/08/2023;13,15;1,00049037;1.366.530.770.357,75;608;13,15;13,14;13,15;0,0541;6586,6535;
24/08/2023;13,15;1,00049037;1.385.781.747.141,57;644;13,15;13,14;13,15;0,0496;7751,0923;
23/08/2023;13,15;1,00049037;1.381.357.738.461,7;594;13,15;13,14;13,15;0,0554;6442,1659;
22/08/2023;13,15;1,00049037;1.394.809.131.516,14;606;13,15;13,14;13,15;0,0323;9012,9254;
21/08/2023;13,15;1,00049037;1.395.713.574.940,18;622;13,15;13,14;13,15;0,0275;10839,8157;
18/08/2023;13,15;1,00049037;1.433.565.362.988,05;634;13,15;13,14;13,15;0,0298;10172,0308;
17/08/2023;13,15;1,00049037;1.438.169.882.221,2;606;13,15;13,14;13,15;0,0302;9707,2478;
16/08/2023;13,15;1,00049037;1.443.865.335.098,64;682;13,15;13,14;13,15;0,0391;6833,1456;
15/08/2023;13,15;1,00049037;1.451.277.800.424,68;721;13,15;13,14;13,15;0,0358;7674,3771;
14/08/2023;13,15;1,00049037;1.407.166.312.998,73;746;13,15;13,14;13,15;0,0319;8719,1893;
11/08/2023;13,15;1,00049037;1.406.955.625.318,44;727;13,15;13,14;13,15;0,0337;8449,2000;
10/08/2023;13,15;1,00049037;1.430.681.857.019,49;732;13,15;13,14;13,15;0,0262;10814,7210;
09/08/2023;13,15;1,00049037;1.430.193.082.092,72;744;13,15;13,14;13,15;0,0309;9461,1120;
08/08/2023;13,15;1,00049037;1.411.580.429.516,67;717;13,15;13,14;13,15;0,0325;8354,1564;
07/08/2023;13,15;1,00049037;1.401.887.837.858,02;742;13,15;13,14;13,15;0,0288;10257,7543;
04/08/2023;13,15;1,00049037;1.379.412.264.495,86;718;13,15;13,14;13,15;0,0351;7648,7537;
03/08/2023;13,15;1,00049037;1.390.807.678.665,12;732;13,15;13,14;13,15;0,0301;8452,8859;
02/08/2023;13,65;1,00050788;1.378.690.864.379,01;694;13,65;13,64;13,65;0,0303;12010,4248;
01/08/2023;13,65;1,00050788;1.375.197.770.610,18;735;13,65;13,64;13,65;0,0305;12293,5931;
31/07/2023;13,65;1,00050788;1.368.384.475.440,36;752;13,65;13,64;13,65;0,0368;9820,5784;
28/07/2023;13,65;1,00050788;1.383.225.490.983,15;754;13,65;13,64;13,65;0,0374;9251,6105;
27/07/2023;13,65;1,00050788;1.388.389.488.874,59;693;13,65;13,64;13,65;0,0336;10990,1878;
26/07/2023;13,65;1,00050788;1.386.026.132.509,52;730;13,65;13,64;13,65;0,0359;9887,7067;
25/07/2023;13,65;1,00050788;1.407.665.988.957,27;723;13,65;13,64;13,65;0,0447;7100,1827;
24/07/2023;13,65;1,00050788;1.407.913.965.363,56;734;13,65;13,64;13,65;0,0326;11519,2307;
21/07/2023;13,65;1,00050788;1.414.628.463.148,55;746;13,65;13,64;13,65;0,0401;8821,0980;
20/07/2023;13,65;1,00050788;1.463.817.956.530,58;751;13,65;13,64;13,65;0,0449;7167,9679;
19/07/2023;13,65;1,00050788;1.470.872.316.961,37;746;13,65;13,64;13,65;0,0436;7534,6251;
18/07/2023;13,65;1,00050788;1.477.956.768.286,98;752;13,65;13,64;13,65;0,0718;3081,9496;
17/07/2023;13,65;1,00050788;1.502.060.777.499,66;778;13,65;13,64;13,65;0,0630;3913,0302;
14/07/2023;13,65;1,00050788;1.481.288.579.295,56;770;13,65;13,64;13,65;0,0504;5900,4330;
13/07/2023;13,65;1,00050788;1.496.627.788.936,49;757;13,65;13,64;13,65;0,0320;12255,4192;
12/07/2023;13,65;1,00050788;1.515.501.590.802,84;659;13,65;13,64;13,65;0,0288;13336,0952;
11/07/2023;13,65;1,00050788;1.540.652.447.289,58;775;13,65;13,64;13,65;0,0307;12604,1595;
10/07/2023;13,65;1,00050788;1.536.383.355.830,88;683;13,65;13,64;13,65;0,0305;12850,5344;
07/07/2023;13,65;1,00050788;1.510.256.356.071,57;755;13,65;13,64;13,65;0,0345;11058,2783;
06/07/2023;13,65;1,00050788;1.516.790.760.448,94;784;13,65;13,64;13,65;0,0409;5198,4468;
05/07/2023;13,65;1,00050788;1.525.194.670.695,5;756;13,65;13,64;13,65;0,0306;12780,1692;
04/07/2023;13,65;1,00050788;1.547.084.633.126,51;748;13,65;13,64;13,65;0,0327;11685,9681;
03/07/2023;13,65;1,00050788;1.532.088.408.960,33;757;13,65;13,64;13,65;0,0311;11190,1923;
30/06/2023;13,65;1,00050788;1.209.328.957.686,52;746;13,65;13,64;13,65;0,0370;9887,3003;
29/06/2023;13,65;1,00050788;1.222.360.503.574,38;764;13,65;13,64;13,65;0,0367;7831,7333;
28/06/2023;13,65;1,00050788;1.227.901.437.228,35;842;13,65;13,64;13,65;0,0408;8250,8328;
27/06/2023;13,65;1,00050788;1.235.584.027.969,59;788;13,65;13,64;13,65;0,0402;7990,3368;
26/06/2023;13,65;1,00050788;1.241.943.815.073,15;841;13,65;13,64;13,65;0,0411;7868,9891;
23/06/2023;13,65;1,00050788;1.274.030.992.152,6;730;13,65;13,64;13,65;0,0406;8348,6183;
22/06/2023;13,65;1,00050788;1.292.189.450.814,04;721;13,65;13,64;13,65;0,0383;9551,9249;
21/06/2023;13,65;1,00050788;1.314.271.837.583,53;783;13,65;13,64;13,65;0,0439;8066,1315;
20/06/2023;13,65;1,00050788;1.369.672.608.184,45;762;13,65;13,64;13,65;0,0402;9256,4306;
19/06/2023;13,65;1,00050788;1.389.675.408.526,29;771;13,65;13,64;13,65;0,0418;8634,5813;
16/06/2023;13,65;1,00050788;1.377.147.318.205,82;733;13,65;13,64;13,65;0,0535;5733,5697;
15/06/2023;13,65;1,00050788;1.396.477.512.877,18;755;13,65;13,64;13,65;0,0452;7679,9457;
14/06/2023;13,65;1,00050788;1.398.879.834.162,38;765;13,65;13,64;13,65;0,0469;7328,4067;
13/06/2023;13,65;1,00050788;1.387.891.877.276,35;770;13,65;13,64;13,65;0,0450;7804,6965;
12/06/2023;13,65;1,00050788;1.377.513.108.929,24;760;13,65;13,64;13,65;0,0365;10770,5755;
09/06/2023;13,65;1,00050788;1.382.749.082.745,88;760;13,65;13,64;13,65;0,0492;6685,6413;
07/06/2023;13,65;1,00050788;1.394.392.752.092,76;732;13,65;13,64;13,65;0,0404;9539,0741;
06/06/2023;13,65;1,00050788;1.402.973.069.436,9;770;13,65;13,64;13,65;0,0413;9099,9217;
05/06/2023;13,65;1,00050788;1.421.664.169.487,07;755;13,65;13,64;13,65;0,0405;9176,4128;
02/06/2023;13,65;1,00050788;1.416.458.576.607,07;752;13,65;13,64;13,65;0,0347;11679,2316;
01/06/2023;13,65;1,00050788;1.401.229.607.003,6;719;13,65;13,64;13,65;0,0335;12409,5021;
31/05/2023;13,65;1,00050788;1.362.956.657.646,67;740;13,65;13,64;13,65;0,0293;13878,6734;
30/05/2023;13,65;1,00050788;1.373.983.989.868,82;746;13,65;13,64;13,65;0,0359;10853,9001;
29/05/2023;13,65;1,00050788;1.380.916.257.916,35;712;13,65;13,64;13,65;0,0334;12329,4418;
26/05/2023;13,65;1,00050788;1.382.277.685.452,21;728;13,65;13,64;13,65;0,0362;11528,2744;
25/05/2023;13,65;1,00050788;1.432.561.839.385,36;722;13,65;13,64;13,65;0,0367;11500,1471;
24/05/2023;13,65;1,00050788;1.431.386.523.243,96;729;13,65;13,64;13,65;0,0327;13406,5173;
23/05/2023;13,65;1,00050788;1.435.082.103.857,1;712;13,65;13,64;13,65;0,0348;12247,2735;
22/05/2023;13,65;1,00050788;1.444.940.604.202,14;743;13,65;13,64;13,65;0,0237;17974,2662;
19/05/2023;13,65;1,00050788;1.469.276.521.655,04;725;13,65;13,64;13,65;0,0228;18073,4047;
18/05/2023;13,65;1,00050788;1.476.288.545.041,24;723;13,65;13,64;13,65;0,0227;19661,4829;
17/05/2023;13,65;1,00050788;1.477.197.205.891,21;722;13,65;13,64;13,65;0,0216;18561,0767;
16/05/2023;13,65;1,00050788;1.474.129.132.978,22;741;13,65;13,64;13,65;0,0689;3678,2991;
15/05/2023;13,65;1,00050788;1.482.866.887.688,04;751;13,65;13,64;13,65;0,0678;3840,1637;
12/05/2023;13,65;1,00050788;1.287.683.141.704,55;777;13,65;13,64;13,65;0,0418;6727,0488;
11/05/2023;13,65;1,00050788;1.295.715.089.627,64;759;13,65;13,64;13,65;0,0258;15032,8632;
10/05/2023;13,65;1,00050788;1.317.206.804.271,05;788;13,65;13,64;13,65;0,0199;13708,8765;
09/05/2023;13,65;1,00050788;1.315.697.442.304,05;761;13,65;13,64;13,65;0,0273;15524,0717;
08/05/2023;13,65;1,00050788;1.287.637.360.202,63;771;13,65;13,64;13,65;0,0217;13282,1201;
05/05/2023;13,65;1,00050788;1.275.094.277.192,53;729;13,65;13,64;13,65;0,0200;10480,5243;
04/05/2023;13,65;1,00050788;1.316.875.475.127,74;769;13,65;13,64;13,65;0,0238;16225,7556;
03/05/2023;13,65;1,00050788;1.319.106.408.666,61;759;13,65;13,64;13,65;0,0228;16017,4229;
02/05/2023;13,65;1,00050788;1.302.799.695.569,81;770;13,65;13,64;13,65;0,0172;278,3073;
28/04/2023;13,65;1,00050788;1.257.752.115.039;857;13,65;13,64;13,65;0,0308;113,4500;
27/04/2023;13,65;1,00050788;1.329.792.977.353,61;761;13,65;13,64;13,65;0,0164;4609,4372;
26/04/2023;13,65;1,00050788;1.333.242.801.420,85;779;13,65;13,64;13,65;0,0170;5644,4445;
25/04/2023;13,65;1,00050788;1.365.348.161.265,22;751;13,65;13,64;13,65;0,0164;6427,0879;
24/04/2023;13,65;1,00050788;1.361.683.673.263,98;758;13,65;13,64;13,65;0,0198;16816,8005;
20/04/2023;13,65;1,00050788;1.412.323.326.364,06;747;13,65;13,64;13,65;0,0161;2494,0337;
19/04/2023;13,65;1,00050788;1.401.621.473.332,03;755;13,65;13,64;13,65;0,0156;2778,9431;
18/04/2023;13,65;1,00050788;1.412.967.699.040,35;735;13,65;13,64;13,65;0,1064;1706,0664;
17/04/2023;13,65;1,00050788;1.422.058.218.717,78;783;13,65;13,64;13,65;0,0983;1700,3695;
14/04/2023;13,65;1,00050788;1.419.200.391.507,29;753;13,65;13,64;13,65;0,0185;10545,1288;
13/04/2023;13,65;1,00050788;1.440.929.865.925,92;733;13,65;13,64;13,65;0,0157;1156,3376;
12/04/2023;13,65;1,00050788;1.439.775.317.582,75;748;13,65;13,64;13,65;0,0162;1038,0330;
11/04/2023;13,65;1,00050788;1.459.618.802.134,74;778;13,65;13,64;13,65;0,0165;345,5091;
10/04/2023;13,65;1,00050788;1.424.113.208.044,8;731;13,65;13,64;13,65;0,0179;707,6082;
06/04/2023;13,65;1,00050788;1.445.866.172.155,97;748;13,65;13,64;13,65;0,0174;502,3500;
05/04/2023;13,65;1,00050788;1.421.525.555.199,99;730;13,65;13,64;13,65;0,0168;322,7168;
04/04/2023;13,65;1,00050788;1.426.212.724.528,69;716;13,65;13,64;13,65;0,0619;4082,7181;
03/04/2023;13,65;1,00050788;1.388.665.355.850,59;731;13,65;13,64;13,65;0,0628;3938,0513;
31/03/2023;13,65;1,00050788;1.274.581.183.798,16;702;13,65;13,64;13,65;0,0171;423,1823;
30/03/2023;13,65;1,00050788;1.367.643.625.353,06;723;13,65;13,64;13,65;0,0160;357,0615;
29/03/2023;13,65;1,00050788;1.383.330.593.266,29;736;13,65;13,64;13,65;0,0208;15569,9747;
28/03/2023;13,65;1,00050788;1.391.617.528.346,05;726;13,65;13,64;13,65;0,0215;13568,2452;
27/03/2023;13,65;1,00050788;1.396.253.364.404,03;741;13,65;13,64;13,65;0,0210;15412,1502;
24/03/2023;13,65;1,00050788;1.411.017.962.118,71;760;13,65;13,64;13,65;0,0229;15412,7944;
23/03/2023;13,65;1,00050788;1.429.923.772.013,2;757;13,65;13,64;13,65;0,0191;11219,4699;
22/03/2023;13,65;1,00050788;1.444.806.721.064,57;746;13,65;13,64;13,65;0,0176;2699,8872;
21/03/2023;13,65;1,00050788;1.456.169.376.876,3;753;13,65;13,64;13,65;0,0175;2560,4564;
20/03/2023;13,65;1,00050788;1.513.396.032.130,39;772;13,65;13,64;13,65;0,0167;365,1127;
17/03/2023;13,65;1,00050788;1.485.193.205.933,3;763;13,65;13,64;13,65;0,0163;374,9266;
16/03/2023;13,65;1,00050788;1.507.570.951.313,12;726;13,65;13,64;13,65;0,0164;376,8369;
15/03/2023;13,65;1,00050788;1.502.001.268.117,01;735;13,65;13,64;13,65;0,0170;591,1365;
14/03/2023;13,65;1,00050788;1.521.890.273.551,38;726;13,65;13,64;13,65;0,0158;350,9380;
13/03/2023;13,65;1,00050788;1.518.315.923.151,49;625;13,65;13,64;13,65;0,0155;380,1163;
10/03/2023;13,65;1,00050788;1.510.668.645.761,5;721;13,65;13,64;13,65;0,0169;485,3060;
09/03/2023;13,65;1,00050788;1.539.133.129.728,8;765;13,65;13,64;13,65;0,0178;11603,9430;
08/03/2023;13,65;1,00050788;1.526.136.329.250,46;764;13,65;13,64;13,65;0,0157;437,3154;
07/03/2023;13,65;1,00050788;1.544.569.438.664,71;761;13,65;13,64;13,65;0,0164;358,9638;
06/03/2023;13,65;1,00050788;1.546.422.664.772,37;745;13,65;13,64;13,65;0,0164;362,3669;
03/03/2023;13,65;1,00050788;1.543.639.819.097,86;747;13,65;13,64;13,65;0,0160;372,0530;
02/03/2023;13,65;1,00050788;1.544.357.846.154,79;742;13,65;13,64;13,65;0,0161;383,7522;
01/03/2023;13,65;1,00050788;1.499.872.544.040,71;788;13,65;13,64;13,65;0,0180;311,1096;
28/02/2023;13,65;1,00050788;1.308.831.643.362,36;723;13,65;13,64;13,65;0,0183;297,5036;
27/02/2023;13,65;1,00050788;1.320.152.308.033,69;752;13,65;13,64;13,65;0,0164;350,2116;
24/02/2023;13,65;1,00050788;1.315.983.774.399,12;744;13,65;13,64;13,65;0,0174;293,6905;
23/02/2023;13,65;1,00050788;1.336.632.023.925,55;755;13,65;13,64;13,65;0,0174;338,6084;
22/02/2023;13,65;1,00050788;1.326.929.536.232,09;761;13,65;13,64;13,65;0,0175;331,9774;
17/02/2023;13,65;1,00050788;1.377.765.877.488,69;713;13,65;13,64;13,65;0,0161;367,0465;
16/02/2023;13,65;1,00050788;1.408.959.937.812,93;754;13,65;13,64;13,65;0,0159;401,2128;
15/02/2023;13,65;1,00050788;1.398.895.582.643,59;754;13,65;13,64;13,65;0,0168;337,2626;
14/02/2023;13,65;1,00050788;1.390.200.135.509,63;769;13,65;13,64;13,65;0,0164;376,3553;
13/02/2023;13,65;1,00050788;1.378.214.885.630,46;757;13,65;13,64;13,65;0,0179;297,3898;
10/02/2023;13,65;1,00050788;1.400.966.366.335,03;767;13,65;13,64;13,65;0,0174;348,9649;
09/02/2023;13,65;1,00050788;1.364.417.947.342,63;742;13,65;13,64;13,65;0,0167;394,2058;
08/02/2023;13,65;1,00050788;1.354.168.924.291,58;764;13,65;13,64;13,65;0,0177;320,0756;
07/02/2023;13,65;1,00050788;1.353.628.794.434,74;788;13,65;13,64;13,65;0,0192;278,3608;
06/02/2023;13,65;1,00050788;1.342.136.958.817,77;767;13,65;13,64;13,65;0,0185;319,8842;
03/02/2023;13,65;1,00050788;1.304.984.000.181,93;761;13,65;13,64;13,65;0,0188;294,5484;
02/02/2023;13,65;1,00050788;1.308.137.204.521,94;748;13,65;13,64;13,65;0,0186;340,2647;
01/02/2023;13,65;1,00050788;1.301.772.809.799,7;762;13,65;13,64;13,65;0,0178;357,3712;
